viewing_id,account_id,activity_id,viewing_date
501,151,201,2026-01-05
502,152,204,2026-01-06
503,153,207,2026-01-07
504,154,210,2026-01-08
505,155,213,2026-01-09
506,156,216,2026-01-10
507,157,219,2026-01-11
508,158,222,2026-01-12
509,159,226,2026-01-13
510,160,229,2026-01-14
511,161,232,2026-01-15
512,162,235,2026-01-16
513,163,238,2026-01-17
514,164,241,2026-01-18
515,165,244,2026-01-19
516,166,247,2026-01-20
517,167,251,2026-01-21
518,168,254,2026-01-22
519,169,257,2026-01-23
520,170,260,2026-01-24
521,171,263,2026-01-25
522,172,266,2026-01-26
523,173,269,2026-01-27
524,174,272,2026-01-28
525,175,276,2026-01-29
526,176,279,2026-01-30
527,177,282,2026-01-31
528,178,285,2026-02-01
529,179,288,2026-02-02
530,180,291,2026-02-03
531,181,294,2026-02-04
532,182,297,2026-02-05
533,183,201,2026-02-06
534,184,204,2026-02-07
535,185,207,2026-02-08
536,186,210,2026-02-09
537,187,213,2026-02-10
538,188,216,2026-02-11
539,189,219,2026-02-12
540,190,222,2026-02-13
541,151,226,2026-02-14
542,152,229,2026-02-15
543,153,232,2026-02-16
544,154,235,2026-02-17
545,155,238,2026-02-18
546,156,241,2026-02-19
547,157,244,2026-02-20
548,158,247,2026-02-21
549,159,251,2026-02-22
550,160,254,2026-02-23
551,161,257,2026-02-24
552,162,260,2026-02-25
553,163,263,2026-02-26
554,164,266,2026-02-27
555,165,269,2026-02-28
556,166,272,2026-03-01
557,167,276,2026-03-02
558,168,279,2026-03-03
559,169,282,2026-03-04
560,170,285,2026-03-05
561,171,288,2026-03-06
562,172,291,2026-03-07
563,173,294,2026-03-08
564,174,297,2026-03-09
565,175,201,2026-03-10
566,176,204,2026-03-11
567,177,207,2026-03-12
568,178,210,2026-03-13
569,179,213,2026-03-14
570,180,216,2026-03-15
571,181,219,2026-03-16
572,182,222,2026-03-17
573,183,226,2026-03-18
574,184,229,2026-03-19
575,185,232,2026-03-20
576,186,235,2026-03-21
577,187,238,2026-03-22
578,188,241,2026-03-23
579,189,244,2026-03-24
580,190,247,2026-03-25
581,151,251,2026-03-26
582,152,254,2026-03-27
583,153,257,2026-03-28
584,154,260,2026-03-29
585,155,263,2026-03-30
586,156,266,2026-03-31
587,157,269,2026-04-01
588,158,272,2026-04-02
589,159,276,2026-04-03
590,160,279,2026-04-04
591,161,282,2026-04-05
592,162,285,2026-04-06
593,163,288,2026-04-07
594,164,291,2026-04-08
595,165,294,2026-04-09
596,166,297,2026-04-10
597,167,201,2026-04-11
598,168,204,2026-04-12
599,169,207,2026-04-13
600,170,210,2026-04-14
601,171,213,2026-04-15
602,172,216,2026-04-16
603,173,219,2026-04-17
604,174,222,2026-04-18
605,175,226,2026-04-19
606,176,229,2026-04-20
607,177,232,2026-04-21
608,178,235,2026-04-22
609,179,238,2026-04-23
610,180,241,2026-04-24
611,181,244,2026-04-25
612,182,247,2026-04-26
613,183,251,2026-04-27
614,184,254,2026-04-28
615,185,257,2026-04-29
616,186,260,2026-04-30
617,187,263,2026-05-01
618,188,266,2026-05-02
619,189,269,2026-05-03
620,190,272,2026-05-04
621,151,276,2026-05-05
622,152,279,2026-05-06
623,153,282,2026-05-07
624,154,285,2026-05-08
625,155,288,2026-05-09
626,156,291,2026-05-10
627,157,294,2026-05-11
628,158,297,2026-05-12
629,159,201,2026-05-13
630,160,204,2026-05-14
631,161,207,2026-05-15
632,162,210,2026-05-16
633,163,213,2026-05-17
634,164,216,2026-05-18
635,165,219,2026-05-19
636,166,222,2026-05-20
637,167,226,2026-05-21
638,168,229,2026-05-22
639,169,232,2026-05-23
640,170,235,2026-05-24
641,171,238,2026-05-25
642,172,241,2026-05-26
643,173,244,2026-05-27
644,174,247,2026-05-28
645,175,251,2026-05-29
646,176,254,2026-05-30
647,177,257,2026-05-31
648,178,260,2026-06-01
649,179,263,2026-06-02
650,180,266,2026-06-03
651,181,269,2026-01-05
652,182,272,2026-01-06
653,183,276,2026-01-07
654,184,279,2026-01-08
655,185,282,2026-01-09
656,186,285,2026-01-10
657,187,288,2026-01-11
658,188,291,2026-01-12
659,189,294,2026-01-13
660,190,297,2026-01-14
661,151,201,2026-01-15
662,152,204,2026-01-16
663,153,207,2026-01-17
664,154,210,2026-01-18
665,155,213,2026-01-19
666,156,216,2026-01-20
667,157,219,2026-01-21
668,158,222,2026-01-22
669,159,226,2026-01-23
670,160,229,2026-01-24
671,161,232,2026-01-25
672,162,235,2026-01-26
673,163,238,2026-01-27
674,164,241,2026-01-28
675,165,244,2026-01-29
676,166,247,2026-01-30
677,167,251,2026-01-31
678,168,254,2026-02-01
679,169,257,2026-02-02
680,170,260,2026-02-03
681,171,263,2026-02-04
682,172,266,2026-02-05
683,173,269,2026-02-06
684,174,272,2026-02-07
685,175,276,2026-02-08
686,176,279,2026-02-09
687,177,282,2026-02-10
688,178,285,2026-02-11
689,179,288,2026-02-12
690,180,291,2026-02-13
691,181,294,2026-02-14
692,182,297,2026-02-15
693,183,201,2026-02-16
694,184,204,2026-02-17
695,185,207,2026-02-18
696,186,210,2026-02-19
697,187,213,2026-02-20
698,188,216,2026-02-21
699,189,219,2026-02-22
700,190,222,2026-02-23
701,151,226,2026-02-24
702,152,229,2026-02-25
703,153,232,2026-02-26
704,154,235,2026-02-27
705,155,238,2026-02-28
706,156,241,2026-03-01
707,157,244,2026-03-02
708,158,247,2026-03-03
709,159,251,2026-03-04
710,160,254,2026-03-05
711,161,257,2026-03-06
712,162,260,2026-03-07
713,163,263,2026-03-08
714,164,266,2026-03-09
715,165,269,2026-03-10
716,166,272,2026-03-11
717,167,276,2026-03-12
718,168,279,2026-03-13
719,169,282,2026-03-14
720,170,285,2026-03-15
721,171,288,2026-03-16
722,172,291,2026-03-17
723,173,294,2026-03-18
724,174,297,2026-03-19
725,175,201,2026-03-20
726,176,204,2026-03-21
727,177,207,2026-03-22
728,178,210,2026-03-23
729,179,213,2026-03-24
730,180,216,2026-03-25
731,181,219,2026-03-26
732,182,222,2026-03-27
733,183,226,2026-03-28
734,184,229,2026-03-29
735,185,232,2026-03-30
736,186,235,2026-03-31
737,187,238,2026-04-01
738,188,241,2026-04-02
739,189,244,2026-04-03
740,190,247,2026-04-04
741,151,251,2026-04-05
742,152,254,2026-04-06
743,153,257,2026-04-07
744,154,260,2026-04-08
745,155,263,2026-04-09
746,156,266,2026-04-10
747,157,269,2026-04-11
748,158,272,2026-04-12
749,159,276,2026-04-13
750,160,279,2026-04-14
751,161,282,2026-04-15
752,162,285,2026-04-16
753,163,288,2026-04-17
754,164,291,2026-04-18
755,165,294,2026-04-19
756,166,297,2026-04-20
757,167,201,2026-04-21
758,168,204,2026-04-22
759,169,207,2026-04-23
760,170,210,2026-04-24
761,171,213,2026-04-25
762,172,216,2026-04-26
763,173,219,2026-04-27
764,174,222,2026-04-28
765,175,226,2026-04-29
766,176,229,2026-04-30
767,177,232,2026-05-01
768,178,235,2026-05-02
769,179,238,2026-05-03
770,180,241,2026-05-04
771,181,244,2026-05-05
772,182,247,2026-05-06
773,183,251,2026-05-07
774,184,254,2026-05-08
775,185,257,2026-05-09
776,186,260,2026-05-10
777,187,263,2026-05-11
778,188,266,2026-05-12
779,189,269,2026-05-13
780,190,272,2026-05-14
781,151,276,2026-05-15
782,152,279,2026-05-16
783,153,282,2026-05-17
784,154,285,2026-05-18
785,155,288,2026-05-19
786,156,291,2026-05-20
787,157,294,2026-05-21
788,158,297,2026-05-22
789,159,201,2026-05-23
790,160,204,2026-05-24
791,161,207,2026-05-25
792,162,210,2026-05-26
793,163,213,2026-05-27
794,164,216,2026-05-28
795,165,219,2026-05-29
796,166,222,2026-05-30
797,167,226,2026-05-31
798,168,229,2026-06-01
799,169,232,2026-06-02
800,170,235,2026-06-03
801,171,238,2026-01-05
802,172,241,2026-01-06
803,173,244,2026-01-07
804,174,247,2026-01-08
805,175,251,2026-01-09
806,176,254,2026-01-10
807,177,257,2026-01-11
808,178,260,2026-01-12
809,179,263,2026-01-13
810,180,266,2026-01-14
811,181,269,2026-01-15
812,182,272,2026-01-16
813,183,276,2026-01-17
814,184,279,2026-01-18
815,185,282,2026-01-19
816,186,285,2026-01-20
817,187,288,2026-01-21
818,188,291,2026-01-22
819,189,294,2026-01-23
820,190,297,2026-01-24
821,151,201,2026-01-25
822,152,204,2026-01-26
823,153,207,2026-01-27
824,154,210,2026-01-28
825,155,213,2026-01-29
826,156,216,2026-01-30
827,157,219,2026-01-31
828,158,222,2026-02-01
829,159,226,2026-02-02
830,160,229,2026-02-03
831,161,232,2026-02-04
832,162,235,2026-02-05
833,163,238,2026-02-06
834,164,241,2026-02-07
835,165,244,2026-02-08
836,166,247,2026-02-09
837,167,251,2026-02-10
838,168,254,2026-02-11
839,169,257,2026-02-12
840,170,260,2026-02-13
841,171,263,2026-02-14
842,172,266,2026-02-15
843,173,269,2026-02-16
844,174,272,2026-02-17
845,175,276,2026-02-18
846,176,279,2026-02-19
847,177,282,2026-02-20
848,178,285,2026-02-21
849,179,288,2026-02-22
850,180,291,2026-02-23
851,181,294,2026-02-24
852,182,297,2026-02-25
853,183,201,2026-02-26
854,184,204,2026-02-27
855,185,207,2026-02-28
856,186,210,2026-03-01
857,187,213,2026-03-02
858,188,216,2026-03-03
859,189,219,2026-03-04
860,190,222,2026-03-05
861,151,226,2026-03-06
862,152,229,2026-03-07
863,153,232,2026-03-08
864,154,235,2026-03-09
865,155,238,2026-03-10
866,156,241,2026-03-11
867,157,244,2026-03-12
868,158,247,2026-03-13
869,159,251,2026-03-14
870,160,254,2026-03-15
871,161,257,2026-03-16
872,162,260,2026-03-17
873,163,263,2026-03-18
874,164,266,2026-03-19
875,165,269,2026-03-20
876,166,272,2026-03-21
877,167,276,2026-03-22
878,168,279,2026-03-23
879,169,282,2026-03-24
880,170,285,2026-03-25
881,171,288,2026-03-26
882,172,291,2026-03-27
883,173,294,2026-03-28
884,174,297,2026-03-29
885,175,201,2026-03-30
886,176,204,2026-03-31
887,177,207,2026-04-01
888,178,210,2026-04-02
889,179,213,2026-04-03
890,180,216,2026-04-04
891,181,219,2026-04-05
892,182,222,2026-04-06
893,183,226,2026-04-07
894,184,229,2026-04-08
895,185,232,2026-04-09
896,186,235,2026-04-10
897,187,238,2026-04-11
898,188,241,2026-04-12
899,189,244,2026-04-13
900,190,247,2026-04-14
901,151,251,2026-04-15
902,152,254,2026-04-16
903,153,257,2026-04-17
904,154,260,2026-04-18
905,155,263,2026-04-19
906,156,266,2026-04-20
907,157,269,2026-04-21
908,158,272,2026-04-22
909,159,276,2026-04-23
910,160,279,2026-04-24
911,161,282,2026-04-25
912,162,285,2026-04-26
913,163,288,2026-04-27
914,164,291,2026-04-28
915,165,294,2026-04-29
916,166,297,2026-04-30
917,167,201,2026-05-01
918,168,204,2026-05-02
919,169,207,2026-05-03
920,170,210,2026-05-04
921,171,213,2026-05-05
922,172,216,2026-05-06
923,173,219,2026-05-07
924,174,222,2026-05-08
925,175,226,2026-05-09
926,176,229,2026-05-10
927,177,232,2026-05-11
928,178,235,2026-05-12
929,179,238,2026-05-13
930,180,241,2026-05-14
931,181,244,2026-05-15
932,182,247,2026-05-16
933,183,251,2026-05-17
934,184,254,2026-05-18
935,185,257,2026-05-19
936,186,260,2026-05-20
937,187,263,2026-05-21
938,188,266,2026-05-22
939,189,269,2026-05-23
940,190,272,2026-05-24
941,151,276,2026-05-25
942,152,279,2026-05-26
943,153,282,2026-05-27
944,154,285,2026-05-28
945,155,288,2026-05-29
946,156,291,2026-05-30
947,157,294,2026-05-31
948,158,297,2026-06-01
949,159,201,2026-06-02
950,160,204,2026-06-03
951,161,207,2026-01-05
952,162,210,2026-01-06
953,163,213,2026-01-07
954,164,216,2026-01-08
955,165,219,2026-01-09
956,166,222,2026-01-10
957,167,226,2026-01-11
958,168,229,2026-01-12
959,169,232,2026-01-13
960,170,235,2026-01-14
961,171,238,2026-01-15
962,172,241,2026-01-16
963,173,244,2026-01-17
964,174,247,2026-01-18
965,175,251,2026-01-19
966,176,254,2026-01-20
967,177,257,2026-01-21
968,178,260,2026-01-22
969,179,263,2026-01-23
970,180,266,2026-01-24
971,181,269,2026-01-25
972,182,272,2026-01-26
973,183,276,2026-01-27
974,184,279,2026-01-28
975,185,282,2026-01-29
976,186,285,2026-01-30
977,187,288,2026-01-31
978,188,291,2026-02-01
979,189,294,2026-02-02
980,190,297,2026-02-03
