donation_id,account_id,activity_id,donation_amount,donation_date
641,151,201,20.00,2026-03-11
642,151,215,75.00,2026-03-12
643,151,229,150.00,2026-03-13
644,151,243,275.00,2026-03-14
645,152,208,35.00,2026-03-15
646,152,222,90.00,2026-03-16
647,152,236,180.00,2026-03-17
648,152,250,20.00,2026-03-18
649,153,215,50.00,2026-03-19
650,153,229,120.00,2026-03-20
651,153,243,225.00,2026-03-21
652,153,257,35.00,2026-03-22
653,154,222,75.00,2026-03-23
654,154,236,150.00,2026-03-24
655,154,250,275.00,2026-03-25
656,154,264,50.00,2026-03-26
657,155,229,90.00,2026-03-27
658,155,243,180.00,2026-03-28
659,155,257,20.00,2026-03-29
660,155,271,75.00,2026-03-30
661,156,236,120.00,2026-03-31
662,156,250,225.00,2026-04-01
663,156,264,35.00,2026-04-02
664,156,278,90.00,2026-04-03
665,157,243,150.00,2026-04-04
666,157,257,275.00,2026-04-05
667,157,271,50.00,2026-04-06
668,157,285,120.00,2026-04-07
669,158,250,180.00,2026-04-08
670,158,264,20.00,2026-04-09
671,158,278,75.00,2026-04-10
672,158,292,150.00,2026-04-11
673,159,257,225.00,2026-04-12
674,159,271,35.00,2026-04-13
675,159,285,90.00,2026-04-14
676,159,299,180.00,2026-04-15
677,160,264,275.00,2026-04-16
678,160,278,50.00,2026-04-17
679,160,292,120.00,2026-04-18
680,160,205,225.00,2026-04-19
681,161,271,20.00,2026-04-20
682,161,285,75.00,2026-04-21
683,161,299,150.00,2026-04-22
684,161,212,275.00,2026-04-23
685,162,278,35.00,2026-04-24
686,162,292,90.00,2026-04-25
687,162,205,180.00,2026-04-26
688,162,219,20.00,2026-04-27
689,163,285,50.00,2026-04-28
690,163,299,120.00,2026-04-29
691,163,212,225.00,2026-04-30
692,163,226,35.00,2026-05-01
693,164,292,75.00,2026-05-02
694,164,205,150.00,2026-05-03
695,164,219,275.00,2026-05-04
696,164,233,50.00,2026-05-05
697,165,299,90.00,2026-05-06
698,165,212,180.00,2026-05-07
699,165,226,20.00,2026-05-08
700,165,240,75.00,2026-05-09
701,166,205,120.00,2026-05-10
702,166,219,225.00,2026-05-11
703,166,233,35.00,2026-05-12
704,166,247,90.00,2026-05-13
705,167,212,150.00,2026-05-14
706,167,226,275.00,2026-05-15
707,167,240,50.00,2026-03-11
708,167,254,120.00,2026-03-12
709,168,219,180.00,2026-03-13
710,168,233,20.00,2026-03-14
711,168,247,75.00,2026-03-15
712,168,261,150.00,2026-03-16
713,169,226,225.00,2026-03-17
714,169,240,35.00,2026-03-18
715,169,254,90.00,2026-03-19
716,169,268,180.00,2026-03-20
717,170,233,275.00,2026-03-21
718,170,247,50.00,2026-03-22
719,170,261,120.00,2026-03-23
720,170,275,225.00,2026-03-24
721,171,240,20.00,2026-03-25
722,171,254,75.00,2026-03-26
723,171,268,150.00,2026-03-27
724,171,282,275.00,2026-03-28
725,172,247,35.00,2026-03-29
726,172,261,90.00,2026-03-30
727,172,275,180.00,2026-03-31
728,172,289,20.00,2026-04-01
729,173,254,50.00,2026-04-02
730,173,268,120.00,2026-04-03
731,173,282,225.00,2026-04-04
732,173,296,35.00,2026-04-05
733,174,261,75.00,2026-04-06
734,174,275,150.00,2026-04-07
735,174,289,275.00,2026-04-08
736,174,202,50.00,2026-04-09
737,175,268,90.00,2026-04-10
738,175,282,180.00,2026-04-11
739,175,296,20.00,2026-04-12
740,175,209,75.00,2026-04-13
741,176,275,120.00,2026-04-14
742,176,289,225.00,2026-04-15
743,176,202,35.00,2026-04-16
744,176,216,90.00,2026-04-17
745,177,282,150.00,2026-04-18
746,177,296,275.00,2026-04-19
747,177,209,50.00,2026-04-20
748,177,223,120.00,2026-04-21
749,178,289,180.00,2026-04-22
750,178,202,20.00,2026-04-23
751,178,216,75.00,2026-04-24
752,178,230,150.00,2026-04-25
753,179,296,225.00,2026-04-26
754,179,209,35.00,2026-04-27
755,179,223,90.00,2026-04-28
756,179,237,180.00,2026-04-29
757,180,202,275.00,2026-04-30
758,180,216,50.00,2026-05-01
759,180,230,120.00,2026-05-02
760,180,244,225.00,2026-05-03
761,181,209,20.00,2026-05-04
762,181,223,75.00,2026-05-05
763,181,237,150.00,2026-05-06
764,181,251,275.00,2026-05-07
765,182,216,35.00,2026-05-08
766,182,230,90.00,2026-05-09
767,182,244,180.00,2026-05-10
768,182,258,20.00,2026-05-11
769,183,223,50.00,2026-05-12
770,183,237,120.00,2026-05-13
771,183,251,225.00,2026-05-14
772,183,265,35.00,2026-05-15
773,184,230,75.00,2026-03-11
774,184,244,150.00,2026-03-12
775,184,258,275.00,2026-03-13
776,184,272,50.00,2026-03-14
777,185,237,90.00,2026-03-15
778,185,251,180.00,2026-03-16
779,185,265,20.00,2026-03-17
780,185,279,75.00,2026-03-18
781,186,244,120.00,2026-03-19
782,186,258,225.00,2026-03-20
783,186,272,35.00,2026-03-21
784,186,286,90.00,2026-03-22
785,187,251,150.00,2026-03-23
786,187,265,275.00,2026-03-24
787,187,279,50.00,2026-03-25
788,187,293,120.00,2026-03-26
789,188,258,180.00,2026-03-27
790,188,272,20.00,2026-03-28
791,188,286,75.00,2026-03-29
792,188,300,150.00,2026-03-30
793,189,265,225.00,2026-03-31
794,189,279,35.00,2026-04-01
795,189,293,90.00,2026-04-02
796,189,206,180.00,2026-04-03
797,190,272,275.00,2026-04-04
798,190,286,50.00,2026-04-05
799,190,300,120.00,2026-04-06
800,190,213,225.00,2026-04-07
801,201,279,20.00,2026-04-08
802,201,293,75.00,2026-04-09
803,201,206,150.00,2026-04-10
804,201,220,275.00,2026-04-11
805,202,286,35.00,2026-04-12
806,202,300,90.00,2026-04-13
807,202,213,180.00,2026-04-14
808,202,227,20.00,2026-04-15
